{"be_folder_id":"E50124F20431930AE4E847AC906BE937:flexbe_behaviors","behaviors_folder_id":"DD5DE6127E216BC04BB74CFB22F0CFE2:behaviors","code_indentation":0,"collapse_error":false,"collapse_hint":false,"collapse_info":true,"collapse_warn":true,"commands_enabled":false,"commands_key":"","gridsize":50,"libFolders":["539236DB5B432DE8088EDF8B503952D8:flexbe_states","5051A3B54F1358DD2CDF5EACEDD21691:hrwros_factory_states"],"package_namespace":"","rosbridge_ip":"localhost","rosbridge_port":"9090","runtime_timeout":10,"stop_behaviors":false,"synthesis_enabled":false,"synthesis_system":"","synthesis_topic":"","synthesis_type":"flexbe_msgs/BehaviorSynthesisAction","transition_mode":1}